Ticker,Published,Title,Publisher,Link
CC,2024-11-05 00:45:14,Chemours (CC) Q3 2024 Earnings Call Transcript,Motley Fool,https://finance.yahoo.com/m/70afb178-c041-3e0d-8d5f-0c4062035999/chemours-%28cc%29-q3-2024.html
CC,2024-11-05 00:02:46,Update: Chemours Shares Jump After Q3 Results Come Ahead of Estimates,MT Newswires,https://finance.yahoo.com/news/chemours-shares-jump-q3-results-183246521.html
CC,2024-11-04 20:33:30,Chemours Surges 17% On The Recent Q3 Results,GuruFocus.com,https://finance.yahoo.com/news/chemours-surges-17-recent-q3-150330061.html
CC,2024-11-04 20:00:16,Chemours (CC) Q3 Earnings: Taking a Look at Key Metrics Versus Estimates,Zacks,https://finance.yahoo.com/news/chemours-cc-q3-earnings-taking-143016880.html
CC,2024-11-04 17:45:05,Chemours (CC) Q3 Earnings and Revenues Top Estimates,Zacks,https://finance.yahoo.com/news/chemours-cc-q3-earnings-revenues-121505631.html
FRPT,2024-11-05 07:40:17,"Analyst Report: Freshpet, Inc.",Morningstar Research,https://finance.yahoo.com/m/b6e54140-9e33-327c-b1f4-3ca195fae8f7/analyst-report%3A-freshpet%2C-inc..html
FRPT,2024-11-05 04:52:38,Here's Why Freshpet Stock Soared to a 52-Week High Today,Motley Fool,https://finance.yahoo.com/m/1259f9bc-de07-36b3-88a2-8ab299fe1cee/here%27s-why-freshpet-stock.html
FRPT,2024-11-05 01:00:26,Freshpet (FRPT) Q3 2024 Earnings Call Transcript,Motley Fool,https://finance.yahoo.com/m/df7f5381-4b04-3d8d-a5f1-bf82b6841692/freshpet-%28frpt%29-q3-2024.html
FRPT,2024-11-05 00:40:44,Why Is Freshpet (FRPT) Stock Rocketing Higher Today,StockStory,https://finance.yahoo.com/news/why-freshpet-frpt-stock-rocketing-191044694.html
FRPT,2024-11-05 00:16:13,Update: Freshpet Shares Gain After Swing to Q3 Net Income,MT Newswires,https://finance.yahoo.com/news/freshpet-shares-gain-swing-q3-184613950.html
VRNA,2024-11-04 13:52:59,Verona Pharma's Q3 Loss Widens,MT Newswires,https://finance.yahoo.com/news/verona-pharma-apos-q3-loss-082259504.html
VRNA,2024-11-04 12:30:00,Verona Pharma Reports Third Quarter 2024 Financial Results and Provides Corporate Update,GlobeNewswire,https://finance.yahoo.com/news/verona-pharma-reports-third-quarter-070000243.html
VRNA,2024-11-01 18:33:37,Verona Pharma PLC (VRNA) Q3 2024 Earnings Report Preview: What To Expect,GuruFocus.com,https://finance.yahoo.com/news/verona-pharma-plc-vrna-q3-130337056.html
VRNA,2024-10-25 18:20:09,"Recent Price Trend in Verona Pharma (VRNA) is Your Friend, Here's Why",Zacks,https://finance.yahoo.com/news/recent-price-trend-verona-pharma-125009916.html
VRNA,2024-10-25 14:29:00,"Zacks Industry Outlook Highlights Exelixis, Blueprint Medicines, CRISPR, Amicus and Verona Pharma",Zacks,https://finance.yahoo.com/news/zacks-industry-outlook-highlights-exelixis-085900682.html
RUN,2024-11-05 02:35:21,Why Solar Energy Stocks Skyrocketed Today,Motley Fool,https://finance.yahoo.com/m/89a52b2e-fb17-352d-892a-b5c0a36ade28/why-solar-energy-stocks.html
RUN,2024-11-04 19:30:10,How to Find Strong Oils-Energy Stocks Slated for Positive Earnings Surprises,Zacks,https://finance.yahoo.com/news/strong-oils-energy-stocks-slated-140010409.html
RUN,2024-11-04 18:20:00,Sunrun to Report Q3 Earnings: Here's What You Need to Know,Zacks,https://finance.yahoo.com/news/sunrun-report-q3-earnings-heres-125000268.html
RUN,2024-10-31 19:31:48,Sunrun (RUN) Expected to Beat Earnings Estimates: Should You Buy?,Zacks,https://finance.yahoo.com/news/sunrun-run-expected-beat-earnings-140148753.html
RUN,2024-10-30 04:07:00,Sunrun Announces Appointment of John Trinta to its Board of Directors,GlobeNewswire,https://finance.yahoo.com/news/sunrun-announces-appointment-john-trinta-223700249.html
AZTA,2024-11-05 02:35:00,Azenta Announces Fiscal 2024 Fourth Quarter and Full Year Earnings Conference Call and Webcast,PR Newswire,https://finance.yahoo.com/news/azenta-announces-fiscal-2024-fourth-210500317.html
AZTA,2024-11-04 18:30:00,Azenta Announces the Addition of Three New Independent Directors Effective Immediately and New Initiative to Drive Value,PR Newswire,https://finance.yahoo.com/news/azenta-announces-addition-three-independent-130000688.html
AZTA,2024-10-31 01:35:00,Azenta Obtains Regulatory Approval for Clinical Long-Read Whole Genome Sequencing Test,PR Newswire,https://finance.yahoo.com/news/azenta-obtains-regulatory-approval-clinical-200500173.html
AZTA,2024-09-04 17:30:00,AZENTA ANNOUNCES APPOINTMENT OF JOHN P. MAROTTA AS CEO,PR Newswire,https://finance.yahoo.com/news/azenta-announces-appointment-john-p-120000970.html
AZTA,2024-08-13 01:35:00,GENEWIZ from Azenta Life Sciences Celebrates 25 Years of Advancing Scientific Discoveries at GENEWIZ Week Event,PR Newswire,https://finance.yahoo.com/news/genewiz-azenta-life-sciences-celebrates-200500609.html
BE,2024-11-04 18:30:04,Constellation Energy Corporation (CEG) Q3 Earnings and Revenues Top Estimates,Zacks,https://finance.yahoo.com/news/constellation-energy-corporation-ceg-q3-130004364.html
BE,2024-11-02 02:35:32,"Election 2024: Harris, Trump agree on cannabis policy",Yahoo Finance Video,https://finance.yahoo.com/video/election-2024-harris-trump-agree-210532274.html
BE,2024-10-31 19:31:43,Earnings Preview: Bloom Energy (BE) Q3 Earnings Expected to Decline,Zacks,https://finance.yahoo.com/news/earnings-preview-bloom-energy-q3-140143213.html
BE,2024-10-31 14:05:20,Is Bloom Energy (BE) The Best Industrial Stock to Buy According to Analysts?,Insider Monkey,https://finance.yahoo.com/news/bloom-energy-best-industrial-stock-083520392.html
BE,2024-10-30 03:30:20,Bloom Energy (BE) Stock Declines While Market Improves: Some Information for Investors,Zacks,https://finance.yahoo.com/news/bloom-energy-stock-declines-while-220020903.html
GTLS,2024-11-04 06:40:54,"Analyst Report: Chart Industries, Inc.",Morningstar Research,https://finance.yahoo.com/m/9b0236d1-a650-3d78-8551-47568358c308/analyst-report%3A-chart.html
GTLS,2024-11-02 18:18:01,Chart Industries Third Quarter 2024 Earnings: Misses Expectations,Simply Wall St.,https://finance.yahoo.com/news/chart-industries-third-quarter-2024-124801542.html
GTLS,2024-11-02 12:31:26,Chart Industries Inc (GTLS) Q3 2024 Earnings Call Highlights: Record Sales and Strategic Growth ...,GuruFocus.com,https://finance.yahoo.com/news/chart-industries-inc-gtls-q3-070126693.html
GTLS,2024-11-02 11:06:01,Q3 2024 Chart Industries Inc Earnings Call,Thomson Reuters StreetEvents,https://finance.yahoo.com/news/q3-2024-chart-industries-inc-053601964.html
GTLS,2024-11-01 20:11:06,"Update: Chart Industries Shares Rise After Q3 Adjusted Earnings, Sales Increase",MT Newswires,https://finance.yahoo.com/news/chart-industries-shares-rise-q3-144106393.html
IRTC,2024-11-01 18:19:24,Here’s Why iRhythm Technologies (IRTC) Slid in Q3,Insider Monkey,https://finance.yahoo.com/news/why-irhythm-technologies-irtc-slid-124924435.html
IRTC,2024-11-01 18:18:51,"iRhythm Technologies, Inc. (NASDAQ:IRTC) Just Reported, And Analysts Assigned A US$101 Price Target",Simply Wall St.,https://finance.yahoo.com/news/irhythm-technologies-inc-nasdaq-irtc-124851355.html
IRTC,2024-11-01 17:15:30,FDA clears iRhythm’s second 510(k) in response to warning letter,MedTech Dive,https://finance.yahoo.com/m/921364ec-e5c1-390e-a046-f8c499005e60/fda-clears-irhythm%E2%80%99s-second.html
IRTC,2024-10-31 12:46:18,iRhythm Technologies Inc (IRTC) Q3 2024 Earnings Call Highlights: Strong Revenue Growth Amid ...,GuruFocus.com,https://finance.yahoo.com/news/irhythm-technologies-inc-irtc-q3-071618021.html
IRTC,2024-10-31 04:05:07,"IRhythm Technologies (IRTC) Reports Q3 Loss, Tops Revenue Estimates",Zacks,https://finance.yahoo.com/news/irhythm-technologies-irtc-reports-q3-223507546.html
BBWI,2024-11-02 17:36:46,Bath & Body Works' (NYSE:BBWI) earnings growth rate lags the 17% CAGR delivered to shareholders,Simply Wall St.,https://finance.yahoo.com/news/bath-body-works-nyse-bbwi-120646808.html
BBWI,2024-09-30 18:33:00,Bath & Body Works Says Bonjour to Emily in Paris Fans With New Holiday Partnership,PR Newswire,https://finance.yahoo.com/news/bath-body-works-says-bonjour-130300371.html
BBWI,2024-09-26 02:00:00,"Bath & Body Works Announces Julie Rosen, President, Retail, Steps Down",PR Newswire,https://finance.yahoo.com/news/bath-body-works-announces-julie-203000044.html
BBWI,2024-09-25 03:43:00,Amentum Set to Join S&P 500; Bath & Body Works to Join S&P SmallCap 600,PR Newswire,https://finance.yahoo.com/news/amentum-set-join-p-500-221300668.html
BBWI,2024-09-22 19:25:38,"Why Bath & Body Works, Inc. (NYSE:BBWI) Could Be Worth Watching",Simply Wall St.,https://finance.yahoo.com/news/why-bath-body-works-inc-135538046.html
